key,key:project,key:user-story
project-user-story-01,project-01,user-story-01
project-user-story-02,project-01,user-story-02
project-user-story-03,project-02,user-story-03
project-user-story-04,project-02,user-story-04
project-user-story-05,project-03,user-story-05
project-user-story-06,project-04,user-story-06
project-user-story-07,project-04,user-story-07
project-user-story-08,project-05,user-story-08
project-user-story-09,project-06,user-story-09
project-user-story-10,project-07,user-story-10
project-user-story-11,project-08,user-story-11
project-user-story-12,project-09,user-story-12
project-user-story-13,project-10,user-story-13
project-user-story-14,project-10,user-story-14
